Study_Hours,Attendance,Previous_Marks,Result
5.6,96.5,74.6,1
2.8,54.1,41.0,0
6.6,85.2,81.0,1
7.0,69.7,57.7,1
1.0,73.2,42.1,0
2.3,60.3,53.0,0
5.3,69.7,66.9,1
4.3,90.9,68.3,1
5.0,81.6,45.7,1
3.2,96.5,68.1,1
6.8,89.3,60.0,1
6.6,79.7,68.7,1
5.1,96.7,53.9,1
7.4,79.7,73.1,1
6.0,84.8,58.4,1
3.2,70.1,40.7,0
5.8,74.9,69.6,1
3.0,64.9,53.5,0
6.8,86.9,63.3,1
4.9,58.7,68.8,0
4.6,84.2,57.9,1
3.6,71.5,55.4,0
7.6,89.2,75.2,1
4.7,83.8,56.3,1
4.1,97.7,70.4,1
4.3,83.5,55.9,1
6.1,53.6,51.7,0
5.8,73.1,75.5,1
5.9,58.8,46.7,0
5.9,67.3,35.9,0
9.5,93.6,95.5,1
4.1,82.3,85.8,1
3.9,64.9,49.6,0
3.3,60.8,31.2,0
6.3,74.4,60.6,1
7.4,58.2,58.2,1
4.8,65.3,54.4,0
3.2,78.1,45.2,0
3.3,89.0,66.2,1
6.4,81.9,71.8,1
6.6,44.2,39.0,0
6.1,78.0,71.4,1
3.6,74.9,76.8,1
5.5,79.4,64.9,1
5.2,95.0,64.4,1
5.5,47.2,50.5,0
6.8,66.3,68.4,1
5.5,81.7,46.7,0
6.4,53.4,58.3,0
5.1,93.2,63.0,1
5.6,78.8,81.7,1
6.3,85.0,65.6,1
1.9,66.6,65.3,0
4.3,84.6,50.6,0
4.0,87.9,67.8,1
3.7,77.0,60.5,1
4.4,77.0,50.6,0
8.1,77.5,71.6,1
3.2,62.8,63.1,0
7.0,72.1,61.6,1
1.5,72.0,32.5,0
4.3,79.0,59.5,1
5.3,87.0,56.3,1
6.2,60.2,55.0,0
6.5,72.4,62.7,1
6.7,93.3,54.4,1
4.3,64.3,38.4,0
4.0,63.3,58.2,0
6.8,76.6,60.6,1
4.6,85.0,37.0,0
2.3,74.1,60.2,0
2.6,91.3,62.0,1
3.1,85.1,51.3,0
6.0,84.9,53.3,1
5.3,81.2,71.6,1
6.5,98.0,76.0,1
4.1,71.3,80.3,1
5.3,48.0,55.8,0
6.3,94.9,74.7,1
4.4,68.0,54.5,0
6.0,75.4,71.4,1
3.6,91.0,68.2,1
4.2,53.2,62.9,0
4.2,57.7,46.7,0
2.5,53.2,41.3,0
6.0,63.7,54.3,0
4.0,79.7,67.0,0
5.0,80.8,77.3,1
6.0,77.6,59.4,1
5.9,55.6,51.7,0
6.4,44.0,56.5,0
4.8,74.7,57.1,1
4.1,67.9,64.8,1
4.8,80.0,38.9,1
1.5,83.1,45.0,0
2.0,75.8,44.3,0
2.2,83.9,32.3,0
2.9,77.0,45.4,0
5.8,80.9,55.4,1
3.1,64.8,49.3,0
4.2,71.7,68.0,1
7.7,76.6,65.9,1
4.3,84.7,51.4,0
6.5,68.9,61.7,1
3.0,80.8,67.2,1
4.6,70.5,47.8,0
3.0,72.5,44.7,0
4.3,84.8,67.3,1
6.8,48.1,53.7,0
1.4,57.1,50.4,0
5.9,54.7,55.5,0
5.5,43.7,57.7,0
3.8,65.2,43.1,0
2.0,83.7,54.8,0
5.2,70.3,57.1,0
3.9,76.6,45.6,0
5.5,88.2,50.6,1
5.0,91.3,72.8,1
8.4,73.1,65.6,1
4.5,91.6,54.4,1
2.9,75.2,53.5,0
5.4,63.1,68.5,1
5.5,66.3,35.8,0
7.9,54.8,46.3,0
6.8,62.5,51.7,0
5.7,69.3,74.8,1
8.1,84.4,75.0,1
2.5,96.4,68.4,1
3.7,56.0,38.6,0
3.1,79.1,45.2,0
4.2,60.5,57.4,0
2.1,80.2,54.5,0
6.3,72.3,68.4,1
4.5,50.2,48.3,0
1.9,86.1,58.2,0
2.9,66.1,52.8,0
5.7,67.1,67.2,1
6.8,60.1,68.1,1
9.2,65.5,52.5,1
11.0,79.6,56.2,1
5.9,71.5,71.6,1
2.9,78.3,67.4,1
1.0,78.7,40.1,0
5.6,91.2,49.0,1
3.3,69.5,54.6,0
4.1,54.8,60.0,0
3.7,87.9,79.1,1
4.7,69.7,62.7,1
7.2,88.5,67.4,1
5.3,79.0,53.6,1
4.7,72.3,58.6,0
2.8,78.5,52.3,0
1.5,98.0,48.3,0
4.0,98.0,86.0,1
4.9,74.9,77.8,1
8.7,76.1,82.4,1
5.3,88.0,56.4,1
7.1,63.0,70.5,1
4.0,78.3,65.0,1
2.5,73.7,57.2,0
3.0,78.1,68.2,0
3.5,63.2,58.3,0
9.5,53.3,72.7,1
3.3,47.1,52.1,0
6.8,59.5,63.3,0
3.1,68.0,34.6,0
7.0,70.2,65.0,1
5.8,98.0,65.0,1
4.7,88.4,51.3,1
4.9,61.5,72.1,0
3.6,78.5,74.8,1
5.9,68.7,74.2,1
4.0,70.3,58.4,0
2.4,76.4,67.0,0
2.3,82.0,55.3,0
5.4,69.6,61.5,1
8.3,87.8,63.0,1
5.3,59.2,59.5,1
4.8,74.1,60.0,0
5.6,98.0,57.0,1
7.7,76.9,68.0,1
5.5,92.6,67.0,1
4.1,75.2,75.8,1
7.3,81.6,77.9,1
5.9,73.3,62.3,1
8.2,71.8,70.6,1
5.4,63.9,57.9,0
2.4,79.6,52.6,0
2.1,62.9,37.1,0
8.5,82.7,71.2,1
8.6,88.1,67.5,1
4.6,78.8,48.0,0
4.2,70.3,61.5,1
8.1,79.9,74.6,1
2.7,70.0,34.2,0
3.1,86.2,57.6,1
6.4,50.2,65.4,1
4.2,69.6,66.7,1
5.0,48.1,61.1,0
4.7,54.6,52.7,0
5.7,91.7,59.6,1
8.0,85.6,61.5,1
5.2,64.6,60.6,0
6.4,54.5,60.8,0
1.0,42.0,50.4,0
4.9,66.9,68.1,1
3.2,98.0,61.9,1
2.4,79.7,42.2,0
3.2,66.7,49.1,0
4.3,80.0,62.2,1
6.9,53.7,56.1,1
2.2,70.1,44.9,0
5.1,75.3,63.2,1
4.0,72.9,51.7,0
4.3,84.3,55.3,1
7.1,78.5,70.5,1
6.1,82.7,62.0,1
7.8,65.1,67.1,1
4.7,85.7,65.9,1
3.5,95.2,51.7,1
4.5,61.4,49.3,0
5.5,62.5,71.7,1
5.4,91.4,55.5,1
2.7,71.5,31.4,0
5.2,92.2,48.2,1
5.5,68.2,59.6,0
10.3,92.9,81.7,1
8.9,75.7,70.2,1
3.2,77.4,68.2,0
4.4,94.3,38.6,0
1.9,69.3,53.5,0
3.8,61.8,67.9,0
5.7,68.2,48.6,0
7.5,79.9,65.2,1
3.5,53.6,41.0,0
3.6,82.3,49.9,1
1.0,67.0,43.0,0
4.7,88.9,78.5,1
2.8,42.9,61.2,0
3.9,63.8,49.9,0
3.2,52.1,66.2,0
4.8,63.3,56.0,0
1.3,77.2,68.2,0
1.9,71.7,49.5,0
9.5,70.7,72.7,1
2.3,71.9,55.3,0
2.7,76.6,86.2,1
8.9,60.9,74.7,1
11.0,83.2,72.8,1
2.5,82.6,65.6,1
4.2,79.0,55.8,1
5.7,81.2,59.5,1
8.6,77.9,80.4,1
2.9,98.0,62.7,1
4.5,72.9,60.9,1
6.6,70.0,63.1,1
5.9,64.2,62.4,1
4.2,60.6,57.2,0
4.7,57.8,34.0,0
2.1,62.4,54.4,0
4.5,73.1,48.4,0
4.4,78.3,45.3,0
5.5,74.7,61.0,1
3.8,64.0,53.9,0
6.0,85.7,59.9,1
7.1,83.6,77.5,1
5.3,71.9,46.6,1
5.7,65.5,54.8,1
5.1,81.1,56.8,1
5.0,76.4,60.3,1
3.5,55.2,51.9,0
5.7,73.1,51.5,0
4.8,77.4,67.8,1
9.4,62.3,68.8,1
8.3,76.5,51.1,1
5.8,55.1,35.9,0
3.4,91.4,61.4,1
2.7,90.2,56.9,1
7.5,70.7,64.7,1
5.6,78.7,62.9,1
6.0,42.7,54.0,0
1.3,59.0,53.8,0
6.9,70.2,52.8,1
6.0,60.1,46.1,0
2.7,83.3,45.8,0
4.0,98.0,68.4,1
5.6,58.7,68.7,0
5.1,63.1,52.1,0
4.4,77.1,34.3,0
4.8,94.9,49.6,1
4.5,58.1,44.6,0
5.3,77.2,56.3,1
8.1,97.7,72.8,1
1.0,52.5,41.6,0
4.5,57.3,49.5,0
5.4,68.5,69.6,1
5.6,67.2,52.4,0
4.2,84.6,52.7,0
1.3,77.1,55.4,0
5.7,50.9,38.4,0
